{
  "accuracy": 0.9982,
  "precision": 0.4737,
  "recall": 0.4865,
  "f1_score": 0.48,
  "auc_roc": 0.9448,
  "pr_auc": 0.4962,
  "true_negatives": 42608,
  "false_positives": 40,
  "false_negatives": 38,
  "true_positives": 36,
  "support_normal": 42648,
  "support_fraud": 74,
  "model_name": "Autoencoder",
  "algorithm_type": "unsupervised",
  "architecture": "Dense(32)\u00e2\u2020\u2019Dense(16)\u00e2\u2020\u2019Dense(8)\u00e2\u2020\u2019Dense(16)\u00e2\u2020\u2019Dense(32)\u00e2\u2020\u2019Dense(30)",
  "training_time": 50.5,
  "threshold": 5.409557604843451,
  "validation_f1": 0.5128205128205128,
  "validation_precision": 0.4878048780487805,
  "validation_recall": 0.5405405405405406,
  "error_metric": "combined(0.5*MSE+0.3*MAE+0.2*MaxErr)",
  "data_split": "train_70_val_15_test_15",
  "no_data_leakage": true,
  "mlflow_run_id": "7783bfde8fac4081848a414aad9eaf9b"
}