{
  "accuracy": 0.9983,
  "precision": 0.5072,
  "recall": 0.473,
  "f1_score": 0.4895,
  "auc_roc": 0.9484,
  "pr_auc": 0.4909,
  "true_negatives": 42614,
  "false_positives": 34,
  "false_negatives": 39,
  "true_positives": 35,
  "support_normal": 42648,
  "support_fraud": 74,
  "model_name": "Autoencoder",
  "algorithm_type": "unsupervised",
  "architecture": "Dense(32)\u00e2\u2020\u2019Dense(16)\u00e2\u2020\u2019Dense(8)\u00e2\u2020\u2019Dense(16)\u00e2\u2020\u2019Dense(32)\u00e2\u2020\u2019Dense(30)",
  "training_time": 87.09,
  "threshold": 5.689590931811765,
  "validation_f1": 0.5131578947368421,
  "validation_precision": 0.5,
  "validation_recall": 0.527027027027027,
  "error_metric": "combined(0.5*MSE+0.3*MAE+0.2*MaxErr)",
  "data_split": "train_70_val_15_test_15",
  "no_data_leakage": true,
  "mlflow_run_id": "4e0ad3ffc3dc4251811dc3c0db50012d"
}