{
  "threshold": 5.689590931811765,
  "validation_f1": 0.5131578947368421,
  "validation_precision": 0.5,
  "validation_recall": 0.527027027027027,
  "method": "f1_optimization_on_validation"
}