{
  "accuracy": 0.9981,
  "precision": 0.443,
  "recall": 0.473,
  "f1_score": 0.4575,
  "auc_roc": 0.949,
  "pr_auc": 0.4781,
  "true_negatives": 42604,
  "false_positives": 44,
  "false_negatives": 39,
  "true_positives": 35,
  "support_normal": 42648,
  "support_fraud": 74,
  "model_name": "Autoencoder",
  "algorithm_type": "unsupervised",
  "architecture": "Dense(32)\u00e2\u2020\u2019Dense(16)\u00e2\u2020\u2019Dense(8)\u00e2\u2020\u2019Dense(16)\u00e2\u2020\u2019Dense(32)\u00e2\u2020\u2019Dense(30)",
  "training_time": 49.37,
  "threshold": 5.374019530500475,
  "validation_f1": 0.5093167701863354,
  "validation_precision": 0.47126436781609193,
  "validation_recall": 0.5540540540540541,
  "error_metric": "combined(0.5*MSE+0.3*MAE+0.2*MaxErr)",
  "data_split": "train_70_val_15_test_15",
  "no_data_leakage": true,
  "mlflow_run_id": "2c51530ba7f24bf7b666d2c730c762b7"
}