{
  "threshold": 5.374019530500475,
  "validation_f1": 0.5093167701863354,
  "validation_precision": 0.47126436781609193,
  "validation_recall": 0.5540540540540541,
  "method": "f1_optimization_on_validation"
}